country,category,interest
South Africa,home workout: (3/16/18 - 3/16/23),41
South Africa,gym workout: (3/16/18 - 3/16/23),33
South Africa,home gym: (3/16/18 - 3/16/23),26
Australia,home workout: (3/16/18 - 3/16/23),30
Australia,gym workout: (3/16/18 - 3/16/23),34
Australia,home gym: (3/16/18 - 3/16/23),36
Canada,home workout: (3/16/18 - 3/16/23),40
Canada,gym workout: (3/16/18 - 3/16/23),27
Canada,home gym: (3/16/18 - 3/16/23),33
Philippines,home workout: (3/16/18 - 3/16/23),52
Philippines,gym workout: (3/16/18 - 3/16/23),38
Philippines,home gym: (3/16/18 - 3/16/23),10
United Kingdom,home workout: (3/16/18 - 3/16/23),34
United Kingdom,gym workout: (3/16/18 - 3/16/23),36
United Kingdom,home gym: (3/16/18 - 3/16/23),30
Ireland,home workout: (3/16/18 - 3/16/23),33
Ireland,gym workout: (3/16/18 - 3/16/23),36
Ireland,home gym: (3/16/18 - 3/16/23),31
India,home workout: (3/16/18 - 3/16/23),28
India,gym workout: (3/16/18 - 3/16/23),50
India,home gym: (3/16/18 - 3/16/23),22
New Zealand,home workout: (3/16/18 - 3/16/23),34
New Zealand,gym workout: (3/16/18 - 3/16/23),36
New Zealand,home gym: (3/16/18 - 3/16/23),30
United States,home workout: (3/16/18 - 3/16/23),36
United States,gym workout: (3/16/18 - 3/16/23),27
United States,home gym: (3/16/18 - 3/16/23),37
United Arab Emirates,home workout: (3/16/18 - 3/16/23),32
United Arab Emirates,gym workout: (3/16/18 - 3/16/23),47
United Arab Emirates,home gym: (3/16/18 - 3/16/23),21
Sri Lanka,home workout: (3/16/18 - 3/16/23),33
Sri Lanka,gym workout: (3/16/18 - 3/16/23),43
Sri Lanka,home gym: (3/16/18 - 3/16/23),24
Singapore,home workout: (3/16/18 - 3/16/23),37
Singapore,gym workout: (3/16/18 - 3/16/23),39
Singapore,home gym: (3/16/18 - 3/16/23),24
Kenya,home workout: (3/16/18 - 3/16/23),47
Kenya,gym workout: (3/16/18 - 3/16/23),37
Kenya,home gym: (3/16/18 - 3/16/23),16
Pakistan,home workout: (3/16/18 - 3/16/23),31
Pakistan,gym workout: (3/16/18 - 3/16/23),46
Pakistan,home gym: (3/16/18 - 3/16/23),23
Malaysia,home workout: (3/16/18 - 3/16/23),47
Malaysia,gym workout: (3/16/18 - 3/16/23),38
Malaysia,home gym: (3/16/18 - 3/16/23),15
Nigeria,home workout: (3/16/18 - 3/16/23),56
Nigeria,gym workout: (3/16/18 - 3/16/23),31
Nigeria,home gym: (3/16/18 - 3/16/23),13
Norway,home workout: (3/16/18 - 3/16/23),50
Norway,gym workout: (3/16/18 - 3/16/23),35
Norway,home gym: (3/16/18 - 3/16/23),15
Sweden,home workout: (3/16/18 - 3/16/23),37
Sweden,gym workout: (3/16/18 - 3/16/23),50
Sweden,home gym: (3/16/18 - 3/16/23),13
Greece,home workout: (3/16/18 - 3/16/23),50
Greece,gym workout: (3/16/18 - 3/16/23),30
Greece,home gym: (3/16/18 - 3/16/23),20
Netherlands,home workout: (3/16/18 - 3/16/23),45
Netherlands,gym workout: (3/16/18 - 3/16/23),33
Netherlands,home gym: (3/16/18 - 3/16/23),22
Denmark,home workout: (3/16/18 - 3/16/23),50
Denmark,gym workout: (3/16/18 - 3/16/23),29
Denmark,home gym: (3/16/18 - 3/16/23),21
Egypt,home workout: (3/16/18 - 3/16/23),40
Egypt,gym workout: (3/16/18 - 3/16/23),47
Egypt,home gym: (3/16/18 - 3/16/23),13
Switzerland,home workout: (3/16/18 - 3/16/23),52
Switzerland,gym workout: (3/16/18 - 3/16/23),26
Switzerland,home gym: (3/16/18 - 3/16/23),22
Belgium,home workout: (3/16/18 - 3/16/23),50
Belgium,gym workout: (3/16/18 - 3/16/23),24
Belgium,home gym: (3/16/18 - 3/16/23),26
Bangladesh,home workout: (3/16/18 - 3/16/23),36
Bangladesh,gym workout: (3/16/18 - 3/16/23),40
Bangladesh,home gym: (3/16/18 - 3/16/23),24
Portugal,home workout: (3/16/18 - 3/16/23),46
Portugal,gym workout: (3/16/18 - 3/16/23),30
Portugal,home gym: (3/16/18 - 3/16/23),24
Hong Kong,home workout: (3/16/18 - 3/16/23),43
Hong Kong,gym workout: (3/16/18 - 3/16/23),35
Hong Kong,home gym: (3/16/18 - 3/16/23),22
Romania,home workout: (3/16/18 - 3/16/23),43
Romania,gym workout: (3/16/18 - 3/16/23),45
Romania,home gym: (3/16/18 - 3/16/23),12
Austria,home workout: (3/16/18 - 3/16/23),47
Austria,gym workout: (3/16/18 - 3/16/23),30
Austria,home gym: (3/16/18 - 3/16/23),23
Germany,home workout: (3/16/18 - 3/16/23),51
Germany,gym workout: (3/16/18 - 3/16/23),25
Germany,home gym: (3/16/18 - 3/16/23),24
Hungary,home workout: (3/16/18 - 3/16/23),45
Hungary,gym workout: (3/16/18 - 3/16/23),32
Hungary,home gym: (3/16/18 - 3/16/23),23
Saudi Arabia,home workout: (3/16/18 - 3/16/23),35
Saudi Arabia,gym workout: (3/16/18 - 3/16/23),35
Saudi Arabia,home gym: (3/16/18 - 3/16/23),30
Indonesia,home workout: (3/16/18 - 3/16/23),40
Indonesia,gym workout: (3/16/18 - 3/16/23),33
Indonesia,home gym: (3/16/18 - 3/16/23),27
Vietnam,home workout: (3/16/18 - 3/16/23),36
Vietnam,gym workout: (3/16/18 - 3/16/23),31
Vietnam,home gym: (3/16/18 - 3/16/23),33
Iran,home workout: (3/16/18 - 3/16/23),58
Iran,gym workout: (3/16/18 - 3/16/23),25
Iran,home gym: (3/16/18 - 3/16/23),17
Italy,home workout: (3/16/18 - 3/16/23),37
Italy,gym workout: (3/16/18 - 3/16/23),21
Italy,home gym: (3/16/18 - 3/16/23),42
Thailand,home workout: (3/16/18 - 3/16/23),41
Thailand,gym workout: (3/16/18 - 3/16/23),26
Thailand,home gym: (3/16/18 - 3/16/23),33
Spain,home workout: (3/16/18 - 3/16/23),35
Spain,gym workout: (3/16/18 - 3/16/23),35
Spain,home gym: (3/16/18 - 3/16/23),30
Mexico,home workout: (3/16/18 - 3/16/23),33
Mexico,gym workout: (3/16/18 - 3/16/23),38
Mexico,home gym: (3/16/18 - 3/16/23),29
South Korea,home workout: (3/16/18 - 3/16/23),37
South Korea,gym workout: (3/16/18 - 3/16/23),34
South Korea,home gym: (3/16/18 - 3/16/23),29
France,home workout: (3/16/18 - 3/16/23),31
France,gym workout: (3/16/18 - 3/16/23),25
France,home gym: (3/16/18 - 3/16/23),44
Turkey,home workout: (3/16/18 - 3/16/23),52
Turkey,gym workout: (3/16/18 - 3/16/23),29
Turkey,home gym: (3/16/18 - 3/16/23),19
Poland,home workout: (3/16/18 - 3/16/23),40
Poland,gym workout: (3/16/18 - 3/16/23),40
Poland,home gym: (3/16/18 - 3/16/23),20
Argentina,home workout: (3/16/18 - 3/16/23),32
Argentina,gym workout: (3/16/18 - 3/16/23),32
Argentina,home gym: (3/16/18 - 3/16/23),36
Russia,home workout: (3/16/18 - 3/16/23),39
Russia,gym workout: (3/16/18 - 3/16/23),28
Russia,home gym: (3/16/18 - 3/16/23),33
Brazil,home workout: (3/16/18 - 3/16/23),41
Brazil,gym workout: (3/16/18 - 3/16/23),30
Brazil,home gym: (3/16/18 - 3/16/23),29
Japan,home workout: (3/16/18 - 3/16/23),34
Japan,gym workout: (3/16/18 - 3/16/23),37
Japan,home gym: (3/16/18 - 3/16/23),29
